fname,lname,dept,office
Blake,Neidig,Department A,Human Resources
Genevie,Solar,Department A,Human Resources
Anderson,Boyden,Department A,Human Resources
Agripina,Macha,Department A,Human Resources
Marianela,Lairsey,Department A,Human Resources
Elvis,Pacheo,Department A,Human Resources
Tierra,Herwig,Department A,Human Resources
Arlen,Daughtry,Department A,Human Resources
Clyde,Forman,Department A,Human Resources
Davina,Mcmillan,Department A,Human Resources
Taneka,Felkins,Department A,Human Resources
Raisa,Vanwingerden,Department A,Human Resources
Elli,Dials,Department A,Accounting
Jolanda,Goris,Department A,Accounting
Lady,Hepler,Department A,Accounting
Masako,Gosney,Department A,Accounting
Mayme,Atienza,Department A,Accounting
Renea,Jacquet,Department A,Accounting
Miki,Gilley,Department A,Accounting
Racheal,Schatz,Department A,Accounting
Rico,Maselli,Department A,Accounting
Patria,Threlkeld,Department A,Accounting
Dani,Mefford,Department A,Accounting
Melodie,Southers,Department A,Accounting
Maryjo,Ranallo,Department A,Accounting
Kaila,Leet,Department A,Accounting
Bruno,Neuberger,Department A,Marketing
Yevette,Seavey,Department A,Marketing
Sherrill,Knorr,Department A,Marketing
Malka,Melin,Department A,Marketing
Shantel,Tindall,Department A,Marketing
Mellie,Winkle,Department A,Marketing
Lilian,Haro,Department A,Marketing
Graham,Kirtley,Department A,Marketing
Joni,Newcomer,Department A,Marketing
Hosea,Parham,Department A,Marketing
Shelton,Winship,Department A,Marketing
Vickie,Peavey,Department A,Marketing
Celsa,Pyper,Department A,Marketing
Cherilyn,Craghead,Department A,Marketing
Denis,Hallam,Department A,Marketing
Rashida,Joly,Department A,Marketing
Elsa,Gibson,Department A,Marketing
Iesha,Ting,Department A,Marketing
Vada,Sereno,Department A,Marketing
Florencia,Hornick,Department A,Marketing
Lina,Burciaga,Department A,Information Technology
Youlanda,Barre,Department A,Information Technology
Lawrence,Standish,Department A,Information Technology
Deedee,Silver,Department A,Information Technology
Jeanett,Plain,Department A,Information Technology
Odessa,Janecek,Department A,Information Technology
Madelyn,Hannibal,Department A,Information Technology
Darrel,Twombly,Department A,Information Technology
Isabelle,Mckendree,Department A,Information Technology
Mallory,Melius,Department A,Information Technology
Eveline,Holyfield,Department A,Information Technology
Teena,Daves,Department A,Information Technology
Miquel,Milne,Department A,Information Technology
Sigrid,Mcferron,Department A,Information Technology
Roderick,Rone,Department B,Human Resources
Van,Ireland,Department B,Human Resources
Lillie,Stiles,Department B,Human Resources
Gaynelle,Tolliver,Department B,Human Resources
Joshua,Wisener,Department B,Human Resources
Michael,Oboyle,Department B,Human Resources
Audrea,Ayres,Department B,Human Resources
Marquis,Bouie,Department B,Human Resources
Ronnie,Orick,Department B,Human Resources
Robyn,Haring,Department B,Human Resources
Maryetta,Donald,Department B,Human Resources
Kelsey,Pinzon,Department B,Human Resources
Sherie,Landrum,Department B,Human Resources
Elsie,Schimmel,Department B,Human Resources
Trish,Walk,Department B,Human Resources
Refugio,Henriksen,Department B,Human Resources
Kurt,Luechtefeld,Department B,Human Resources
Mozell,Wilder,Department B,Accounting
Glennis,Dean,Department B,Accounting
Vennie,Boose,Department B,Accounting
Mayola,Brunkhorst,Department B,Accounting
Karisa,Tyrrell,Department B,Accounting
Edmundo,Hooper,Department B,Accounting
Maricruz,Laperle,Department B,Accounting
Blanche,Colonna,Department B,Accounting
Maira,Celestine,Department B,Accounting
Antoine,Rosendahl,Department B,Accounting
Vincent,Barrick,Department B,Accounting
Leana,Basco,Department B,Accounting
Cristi,Salcido,Department B,Accounting
Titus,Macneil,Department B,Accounting
Hyo,Beatrice,Department B,Accounting
Luella,Carnegie,Department B,Accounting
Erna,Mccombs,Department B,Accounting
Jina,Center,Department B,Marketing
Arnold,Haugh,Department B,Marketing
Bee,Bogart,Department B,Marketing
Aracelis,Pascal,Department B,Marketing
Melissia,Weymouth,Department B,Marketing
Bret,Bolden,Department B,Marketing
Jaymie,Temme,Department B,Marketing
Charley,Dickie,Department B,Marketing
Dana,Lybrand,Department B,Marketing
Terese,Farabaugh,Department B,Marketing
Zenobia,Nygaard,Department B,Marketing
Marin,Fortune,Department B,Marketing
Ela,Broadwell,Department B,Marketing
Phylis,Ricard,Department B,Marketing
Ashely,Torrez,Department B,Marketing
Kathy,Enochs,Department B,Marketing
Newton,Alcorn,Department B,Marketing
Macie,Lineman,Department B,Marketing
Candi,Cavins,Department B,Marketing
Vannesa,Pulver,Department B,Marketing
Eleanor,Stilwell,Department B,Information Technology
Yadira,Hillier,Department B,Information Technology
Stacy,Twist,Department B,Information Technology
Erlene,Sievers,Department B,Information Technology
Bernard,Lenig,Department B,Information Technology
Inga,Seidell,Department B,Information Technology
Ngoc,Ranger,Department B,Information Technology
Shawanna,Berlin,Department B,Information Technology
Nicolle,Mcbean,Department B,Information Technology
Sunday,Jessop,Department B,Information Technology
Patrina,Raphael,Department B,Information Technology
Shawnta,Deibler,Department B,Information Technology
Winston,Blatt,Department B,Information Technology
Luana,Stallone,Department B,Information Technology
Dina,Parkhurst,Department B,Information Technology
Tomi,Wrigley,Department B,Information Technology
Cherly,Persons,Department B,Information Technology
Delena,Difiore,Department B,Information Technology
Leisa,Dyar,Department B,Information Technology
Dee,Perreault,Department B,Information Technology
Florentina,Dufresne,Department B,Information Technology
Josefine,Jeffcoat,Department B,Information Technology
Whitney,Degraff,Department B,Information Technology
Rosalie,Mcgown,Department B,Information Technology
Dalton,Villela,Department B,Information Technology
Kellee,Rew,Department B,Information Technology
Santos,Figg,Department B,Information Technology
Mammie,Eshelman,Department C,Human Resources
Sommer,Yzaguirre,Department C,Human Resources
Maddie,Feltz,Department C,Human Resources
Esta,Byerley,Department C,Human Resources
Maren,Knapik,Department C,Human Resources
Caren,Heater,Department C,Human Resources
Javier,Mcquiston,Department C,Human Resources
Evon,Chica,Department C,Human Resources
Maribel,Vaccaro,Department C,Human Resources
Irene,Garwood,Department C,Human Resources
Celine,Luckett,Department C,Human Resources
Shawnee,Janz,Department C,Human Resources
Gwenn,Suggs,Department C,Human Resources
Krissy,Vicks,Department C,Human Resources
Carleen,Riner,Department C,Human Resources
Wendie,Dorner,Department C,Human Resources
Hiram,Seaberg,Department C,Accounting
Fidel,Ried,Department C,Accounting
Tianna,Iraheta,Department C,Accounting
Maida,Neider,Department C,Accounting
Alba,Edens,Department C,Accounting
Randi,Alvidrez,Department C,Accounting
Lesia,Drumheller,Department C,Accounting
Sherrie,Duprey,Department C,Accounting
Jestine,Podkowka,Department C,Accounting
Eura,Leisy,Department C,Accounting
Jacquelynn,Rentschler,Department C,Accounting
Roseline,Dorothy,Department C,Accounting
Rosy,Satterthwaite,Department C,Accounting
Maribel,Wilhelm,Department C,Accounting
Lance,Alloway,Department C,Accounting
Jonell,Jenkins,Department C,Marketing
Kraig,Adamo,Department C,Marketing
Gia,Deese,Department C,Marketing
Felecia,Palafox,Department C,Marketing
Jule,Wirth,Department C,Marketing
Bertram,Gaulke,Department C,Marketing
Elvia,Morgado,Department C,Marketing
Marya,Stalnaker,Department C,Marketing
Cheyenne,Ferrel,Department C,Marketing
Reuben,Lundquist,Department C,Marketing
Jeniffer,Sandavol,Department C,Marketing
Curt,Hoff,Department C,Marketing
Monte,Maus,Department C,Marketing
Robbyn,Blowers,Department C,Marketing
Kayla,Rick,Department C,Information Technology
Ariana,Hopkin,Department C,Information Technology
Darrell,Kitterman,Department C,Information Technology
Ka,Picken,Department C,Information Technology
Lorie,Huggett,Department C,Information Technology
Concepcion,Pullin,Department C,Information Technology
Marla,Kilmon,Department C,Information Technology
Chau,Dowler,Department C,Information Technology
Paul,Griest,Department C,Information Technology
June,Ditullio,Department C,Information Technology
Jannie,Faul,Department C,Information Technology
Jonathon,Hillary,Department C,Information Technology
Jude,Perera,Department C,Information Technology
Emilia,Cranston,Department C,Information Technology
